BLDG #,ADDRESS #,STREET,NUMBER OF UNITS (HIP OR GABLE),BLD TYPE,MANUFACTURE,CLASS,COLOR,RE-ROOF COMPLETION,2025 INSP Rating,REPAIR COST,Vent Type (#),Vent Replacement,Partial Gutters,Full Gutter Replacement,DESCRIPTION,Claim Number,,
1,"8237, 41, 45, 49",S WINNIPEG CIR,4  (G) 1,GABLE,CERTAINTEED,LANDMARK IR,BURNT SIENNA,Dec-13,2,"$3,288",Power (4) ,"$4,120",,"$3,241","REPLACE 4 SUARES OR DAMAGED SHINGLES AND NECESSARY RIDGE CAPS; REMOVE 4 POWER VENTS, INSTALL RIDGE VENT + FULL GUTTER REPLACEMENT",,,
2,"8259, 65, 71",S WINNIPEG CT,3  (H) 1,HIP,CERTAINTEED,LANDMARK IR,WEATHERWOOD,Dec-13,5,,Power (3),"$2,658",,," REMOVE 3 POWER VENTS, INSTALL RIDGE VENT. ",,,
3,"8264, 70, 76",S WINNIPEG CT,3  (G) 1,GABLE,CERTAINTEED,LANDMARK IR,BURNT SIENNA,Dec-13,4,,Power (3),"$2,752","$1,518","$1,632"," REMOVE 3 POWER VENTS, INSTALL RIDGE VENT + REPLACE 198' OF GUTTERS (FULL REPLACEMENT) ",,,
4,"8246, 52, 58",S WINNIPEG CT,3  (H) 1,HIP,CERTAINTEED,LANDMARK IR,BURNT SIENNA,Jan-14,4,,Power (3),"$2,658",,"$2,923"," REMOVE 3 POWER VENTS, INSTALL RIDGE VENT + FULL GUTTER REPLACEMENT ",,,
5,"8230, 36, 40",S WINNIPEG CT,3  (G) 1,GABLE,CERTAINTEED,LANDMARK IR,BURNT SIENNA,Jan-14,4,,Power (3),"$2,752",,"$1,632"," REMOVE 3 POWER VENTS, INSTALL RIDGE VENT + FULL GUTTER REPLACEMENT ",,,
6,"8212, 18, 24",S WINNIPEG CT,3  (H) 1,HIP,CERTAINTEED,LANDMARK IR,MOIRE BLCK,Jan-14,4,,Power (3),"$2,658",,"$2,923"," REMOVE 3 POWER VENTS, INSTALL RIDGE VENT + FULL GUTTER REPLACEMENT ",,,
7,"8188,94, 8200, 06",S WINNIPEG CT,4  (G) 1,GABLE,CERTAINTEED,LANDMARK IR,BURNT SIENNA,Jan-14,4,,Power (4) ,"$4,120",,"$2,449"," REMOVE 4 POWER VENTS, INSTALL RIDGE VENT + FULL GUTTER REPLACEMENT ",,,
8,"8170, 76, 82",S WINNIPEG CT,3  (H) 1,HIP,CERTAINTEED,LANDMARK IR,WEATHERWOOD,Jan-14,5,,Power (3),"$2,658",,"$2,923"," REMOVE 3 POWER VENTS, INSTALL RIDGE VENT + FULL GUTTER REPLACEMENT ",,,
9,"8238, 42, 48",S WINNIPEG CIR,3  (H) 1,HIP,CERTAINTEED,LANDMARK IR,MOIRE BLCK,Feb-14,5,,Power (3),"$2,658",,," REMOVE 3 POWER VENTS, INSTALL RIDGE VENT. ",,,
10,"8215, 19, 25, 29",S WINNIPEG CT,4  (G) 1,GABLE,CERTAINTEED,LANDMARK IR,MOIRE BLCK,Feb-14,5,`,Power (4),"$4,120",,," REMOVE 4 POWER VENTS, INSTALL RIDGE VENT ",,,
11,"8195, 8201, 07",S WINNIPEG CT,3  (H) 1,HIP,CERTAINTEED,LANDMARK IR,BURNT SIENNA,Feb-14,3,,Power (3),"$2,658",,"$2,923"," REMOVE 3 POWER VENTS, INSTALL RIDGE VENT + FULL GUTTER REPALCEMENT ",,,
12,"8181, 85, 89",S WINNIPEG CIR,3  (G) 1,GABLE,CERTAINTEED,LANDMARK IR,BURNT SIENNA,Feb-14,4,,Power (3),"$2,752","$32,444","$1,632"," REMOVE 3 POWER VENTS, INSTALL RIDGE VENT + FULL GUTTER REPLACEMENT ",,,
13,"8016, 18, 20, 22, 24, 26",S ALGONQUIAN CT,6  (H) 2,HIP,CERTAINTEED,IKO - NORDIC,BROWNSTONE,May-25,5,,Power (6) ,"$5,217",,"$3,992"," REMOVE 6 POWER VENTS, INSTALL RIDGE VENT + FULL GUTTER REPLACEMENT ",,,
14,"8017, 25, 27",S ALGONQUIAN CIR,3  (G) 1,GABLE,CERTAINTEED,LANDMARK IR,BURNT SIENNA,Dec-13,3,,Power (3),"$2,752",,"$2,922"," REMOVE 3 POWER VENTS, INSTALL RIDGE VENT + FULL GUTTER REPLACEMENT ",,,
15,"8005, 07, 15",S ALGONQUIAN CIR,3  (H) 1,HIP,CERTAINTEED,LANDMARK IR,MOIRE BLCK,Dec-13,4,,Power (3),"$2,658",,"$2,922"," REMOVE 3 POWER VENTS, INSTALL RIDGE VENT + FULL GUTTER REPLACEMENT ",,,
16,"7987, 95, 97",S ALGONQUIAN CIR,3  (G) 2,GABLE,CERTAINTEED,LANDMARK IR,WEATHERWOOD,Dec-13,3,,Power (3),"$2,752",,"$2,922"," REMOVE 3 POWER VENTS, INSTALL RIDGE VENT + FULL GUTTER REPLACEMENT ",,,
17,"7967, 75, 77, 85",S ALGONQUIAN CIR,4  (H) 1,HIP,CERTAINTEED,,BLACK,,5,,RVs,,,"$3,241"," REMOVE 3 POWER VENTS, INSTALL RIDGE VENT + FULL GUTTER REPLACEMENT ",,,
18,"7947, 55, 57, 65",S ALGONQUIAN CIR,4  (H) 1,HIP,CERTAINTEED,,WEATHERWOOD,,5,,RVs,,,"$3,241", FULL GUTTER REPLACEMENT ,,,
19,"7935, 37, 45",S ALGONQUIAN CIR,3  (G) 1,GABLE,CERTAINTEED,LANDMARK IR,WEATHERWOOD,Jan-14,5,,Power (3),"$2,752",,"$2,922"," REMOVE 3 POWER VENTS, INSTALL RIDGE VENT + FULL GUTTER REPLACEMENT ",,,
20,"7959, 69, 79, 89",S ALGONQUIAN CIR,4  (H) 1,HIP,CERTAINTEED,LANDMARK IR,WEATHERWOOD,Jan-14,4,,Power (4),"$3,761",,"$3,241"," REMOVE 4 POWER VENTS, INSTALL RIDGE VENT + FULL GUTTER REPLACEMENT ",,,
21,"7999, 8009, 19",S ALGONQUIAN CIR,3  (G) 1,GABLE,CERTAINTEED,LANDMARK IR,BURNT SIENNA,Jan-14,2,"$2,534",Power (3),"$2,752",,," REPLACE 4 SUARES OF DAMAGED SHINGLES AND NECESSARY RIDGE CAPS; REMOVE, REPLACE AND PAINT TWO DAMAGED FLUE CAPS; REMOVE 3 POWER VRENTS AND INSTALL RIDGE VENT ", CR0921629 ,,
22,"7650, 58, 60, 70, 80, 90",S BUCHANAN WAY,6  (G) 3,GABLE,CERTAINTEED,LANDMARK IR,MOIRE BLCK,Jan-14,3,,RVs (28) **,,,"$3,793", FULL GUTTER REPLACEMENT ,,,
23,"23703, 13, 23, 33",E KETTLE PL,4  (G) 1,GABLE,CERTAINTEED,LANDMARK IR,MOIRE BLCK,Jan-14,3,,RvS (17)**,,,,,,,
24,"23743, 53, 63, 73",E KETTLE PL,4  (G) 1,GABLE,CERTAINTEED,LANDMARK IR,MOIRE BLCK,Feb-14,4,,RVs (18)**,,,"$2,167", FULL GUTTER REPLACEMENT ,,,
25,"7653, 59, 63",S BILOXI WAY,3  (H) 1,HIP,CERTAINTEED,LANDMARK IR,BURNT SIENNA,Feb-14,2,"$3,276",RVs (9),,,"$2,922", REPLACE 7 SQUARES OF DAMAGED SHINGLES AND NECESSARY RIDGE CAPS  + FULL GUTTER REPLACEMENT , CR0921630 ,,
26,"7669, 73, 79, 83",S BILOXI WAY,4  (H) 1,HIP,CERTAINTEED,LANDMARK IR,WEATHERWOOD,Feb-14,3,,RVs (20)**,,,"$3,241",FULL GUTTER REPLACEMENT,,,
27,"7689, 93, 99, 7701",S BILOXI WAY,4  (H) 1,HIP,CERTAINTEED,LANDMARK IR,WEATHERWOOD,Feb-14,3,,RVs (24)**,,"$1,438","$2,947", REPLACE 267' OF GUTTERS (FULL REPLACEMENT) ,,,
28,"7705, 11, 15",S BILOXI WAY,3  (G) 1,GABLE,CERTAINTEED,,WEATHERWOOD,,5,,RVs (18)**,,,"$1,732", FULL GUTTER REPLACEMENT ,,,
29,"7721, 25, 31, 45",S BILOXI WAY,4  (G) 1,GABLE,CERTAINTEED,LANDMARK IR,BURNT SIENNA,Mar-14,3,,RVs (24)**,,"$1,930","$2,167",REPLACE 255' OF GUTTERS (FULL REPLACEMENT), CR0921712 ,,
30,"7751, 55, 57",S BILOXI WAY,3  (H) 2,HIP,CERTAINTEED,LANDMARK IR,WEATHERWOOD,Mar-14,4,,RVs (18)**,,,,,,,
31,"7761, 65, 67, 71",S BILOXI WAY,4  (H) 1,HIP,OC-DURATION,STORM IR,BLACK,Nov-19,5,,RVs (28)**,,,"$3,241",FULL GUTTER REPLACEMENT,,,
32,"7775, 77, 81",S BILOXI WAY,3  (G) 1,GABLE,CERTAINTEED,LANDMARK IR,WEATHERWOOD,Mar-14,4,,RVs (18)**,,"$1,206","$1,518",REPLACE 160' OF GUTTERS (FULL REPLACEMENT),,,
33,"7785, 87, 91",S BILOXI WAY,3  (G) 2,GABLE,CERTAINTEED,LANDMARK IR,BURNT SIENNA,Mar-14,3,,RVs (18)**,,,"$1,632",FULL GUTTER REPLACEMENT,,,
34,"7795, 97, 7801, 05",S BILOXI WAY,4  (H) 1,HIP,CERTAINTEED,,BLACK,,5,,RVs (20)**,,,"$3,241",FULL GUTTER REPLACEMENT,,,
35,"7807, 11, 15",S BILOXI WAY,3  (H) 4,HIP,CERTAINTEED,LANDMARK IR,BURNT SIENNA,Mar-14,4,,RVs (18)**,,,"$2,922",FULL GUTTER REPLACEMENT,,,
36,"7784, 86, 92",S BILOXI WAY,3  (G) 1,GABLE,CERTAINTEED,LANDMARK IR,WEATHERWOOD,Jan-15,5,,RVs (18)**,,,,,,,
37,"7774, 76, 82",S BILOXI WAY,3  (G) 2,GABLE,CERTAINTEED,LANDMARK IR,BURNT SIENNA,Jan-15,4,,RVs (18)**,,,,,,,
38,"7754, 56, 62, 64, 66, 72",S BILOXI WAY,6  (H) 3,HIP,OC-DURATION,STORM IR,TEAK,Oct-19,5,,RVs (28) **,,"$1,792","$3,992",REPLACE 223' OF GUTTERS (FULL REPLACEMENT),,,
39,"23662, 72, 82, 92",E LINKS PL,4  (H) 1,HIP,OC-DURATION,STORM IR,BLACK,Nov-19,5,,RVs (24)**,,,,,,,
40,"23633, 43, 53, 63, 73, 83",E LINKS PL,6  (G) 3,GABLE,CERTAINTEED,LANDMARK IR,BLACK,Oct-18,5,,RVs (28) **,,"$1,859","$3,241", REPLACE 187' OF GUTTERS (FULL REPLACEMENT) ,,,
41,"23644, 54, 64, 74, 84, 94",E KETTLE PL,6  (G) 1,GABLE,CERTAINTEED,LANDMARK IR,WEATHERWOOD,Dec-13,5,,RVs (28) **,,"$2,365","$3,793", REPLACE 339' OF GUTTERS (FULL REPLACEMENT) ,,,
42,"23605, 25, 45, 85",E KETTLE PL,4  (H) 1,HIP,CERTAINTEED,LANDMARK IR,BURNT SIENNA,Dec-13,2,"$5,563",RVs (24)**,,,," REPLACE 12 SQUARES OF DAMAGED/DEFECTIVE SHINGLES AND NECESSARY RIDGE CAPS; REMOVE, REPLACE AND PAINT DAMAGED FLUE VENT CAP ", CR0921632 ,,
43,"7652, 54, 62",S BILOXI WAY,3  (H) 3,HIP,CERTAINTEED,LANDMARK IR,BURNT SIENNA,Dec-13,4,,RVs (18)**,,"$1,206","$1,518",REPLACE 165' OF GUTTERS (FULL REPLACEMENT),,,
44,"7501, 03, 11, 13, 21, 23",S ADDISON WAY,6  (G) 2,GABLE,CERTAINTEED,LANDMARK IR,BURNT SIENNA,Jan-14,3,,Power (6) ,"$5,217",,,"REMOVE 6 POWER VENTS, INSTALL RIDGE VENT",,,
45,"7531, 33, 41, 43, 51, 53",S ADDISON WAY,6  (H) 1,HIP,CERTAINTEED,NORTHGATE,MOIRE BLACK,,5,,RVs (28) **,,,,,,,
46,"7561, 63, 71, 73, 81, 93",S ADDISON WAY,6  (G) 1,GABLE,OC-DURATION,STORM IR,BROWNWOOD,Nov-21,5,,RIDGE VENT ,,,,,,,
47,"7591, 93, 7601, 03, 05, 07",S ADDISON WAY,6  (H) 2,HIP,OC-DURATION,STORM IR,TEAK,Oct-19,5,,Power (6) ,"$4,725",,,"REMOVE 6 POWER VENTS, INSTALL RIDGE VENT",,,
48,"7611, 13, 15",S ADDISON WAY,3  (G) 1,GABLE,OC-DURATION,STORM IR,BROWNWOOD,May-22,5,,RIDGE VENT ,,,"$1,732",FULL GUTTER REPLACEMENT,,,
49,"7621, 23, 25, 27",S ADDISON WAY,4  (H) 1,HIP,OC-DURATION,STORM IR,DRIFTWOOD,May-22,5,,RIDGE VENT ,,"$1,967","$3,241","REPLACE 265' OF GUTTERS, RE-SEAL 9 MITERS (FULL REPLACEMENT)",,,
50,"7631, 33, 35, 37",S ADDISON WAY,4  (G) 1,GABLE,CERTAINTEED,IKO - NORDIC,GRANITE BLACK,,5,,Power 4 ,"$4,120","$1,718","$3,241",REPALCE 192' OF GUTTERS (FULL REPLACEMENT),,,
51,"7641, 43, 45",S ADDISON WAY,3  (H) 2,HIP,CERTAINTEED,LANDMARK IR,WEATHERWOOD,Feb-15,4,,Power 3 ,"$2,658",,"$2,923"," REMOVE 3 POWER VENTS, INSTALL RIDGE VENT + FULL GUTTER REPLACEMENT ",,,
52,"7647, 51, 53, 55",S ADDISON WAY,4  (G) 1,GABLE,CERTAINTEED,LANDMARK IR,BURNT SIENNA,Feb-15,2,"$2,042",,,,"$1,385",REPLACE 4 SQUARES OF DAMAGED SHINGLES AND NECESSARY RIDGE CAPS + REPLACE 185' OF GUTTERS,CR0921634,,
53,"7535, 45, 55",S BILOXI CT,3  (H) 1,HIP,CERTAINTEED,LANDMARK IR,BURNT SIENNA,,4,,RVs (18)**,,,"$2,857",FULL GUTTER REPLACEMENT,,,
54,"7497, 99, 7507",S BILOXI WAY,3  (H) 2,HIP,CERTAINTEED,LANDMARK IR,WEATHERWOOD,Jan-14,3,,Power 3 ,"$2,658",,," REMOVE 3 POWER VENTS, INSTALL RIDGE VENT. ",,,
55,"7509, 17, 19",S BILOXI WAY,3  (G) 1,HIP,CERTAINTEED,NORTHGATE,MOIRE BLACK,Apr-23,5,,Power 3 ,"$2,752",,," REMOVE 3 POWER VENTS, INSTALL RIDGE VENT. ",,,
56,"7527, 29, 37",S BILOXI WAY,3  (H)2,HIP,CERTAINTEED,NORTHGATE,MOIRE BLACK,Apr-23,5,,Power 3 ,"$2,658",,," REMOVE 3 POWER VENTS, INSTALL RIDGE VENT. ",,,
57,"7539, 47, 49",S BILOXI WAY,3  (G) 1,GABLE,CERTAINTEED,LANDMARK IR,BURNT SIENNA,Jan-14,4,,Power 3 ,"$2,752",,"$1,732"," REMOVE 3 POWER VENTS, INSTALL RIDGE VENT + FULL GUTTER REPLACEMENT ",,,
58,"7551, 59, 67",S BILOXI WAY,3  (H) 2,HIP,CERTAINTEED,LANDMARK IR,WEATHERWOOD,Feb-15,5,,Power 3 ,"$2,658","$1,732","$2,922"," REMOVE 3 POWER VENTS, INSTALL RIDGE VENT + REPLACE 284' OF GUTTERS (FULL REPLACEMENT) ",,,
59,"7569, 77, 79",S BILOXI WAY,3  (G) 1,GABLE,CERTAINTEED,LANDMARK IR,BURNT SIENNA,Jan-14,4,,Power 3 ,"$2,752",,," REMOVE 3 POWER VENTS, INSTALL RIDGE VENT. ",,,
60,"7587, 89, 97, 99",S BILOXI WAY,4  (H) 2,HIP,CERTAINTEED,LANDMARK IR,WEATHERWOOD,Jan-14,4,,Power 4 ,"$4,120",,,"REMOVE 4 POWER VENTS, INSTALL RIDGE VENT.",,,
61,"23550, 60, 70",E JAMISON PL,3  (H) 1,HIP,CERTAINTEED,LANDMARK IR,BURNT SIENNA,Feb-14,3,,Power 3 ,"$2,658",,," REMOVE 3 POWER VENTS, INSTALL RIDGE VENT. ",,,
62,"23580, 90, 23600",E JAMISON PL,3  (G) 1,GABLE,CERTAINTEED,LANDMARK IR,BURNT SIENNA,Feb-14,4,,Power 3 ,"$2,752",,," REMOVE 3 POWER VENTS, INSTALL RIDGE VENT. ",,,
63,"23610, 20, 30",E JAMISON PL,3  (H) 1,HIP,CERTAINTEED,LANDMARK IR,WEATHERWOOD,Feb-14,4,,Power 3 ,"$2,658",,," REMOVE 3 POWER VENTS, INSTALL RIDGE VENT. ",,,
64,"23551, 61, 71",E JAMISON PL,3  (G) 1,GABLE,CERTAINTEED,LANDMARK IR,BURNT SIENNA,Feb-14,2,"$3,949",Power 3 ,"$2,752",,$904,REPLACE 9 SQUARES OF DAMAGED SHINGLES AND NECESSARY RIDGE CAPS+ REMOVE 3 POWER VENTS AND INSTALL RIDGE VENT + REPLACE 118' OF GUTTERS,CR0921635,,
65,"23581, 91, 23601",E JAMISON PL,3  (H) 1,HIP,CERTAINTEED,LANDMARK IR,BURNT SIENNA,Mar-14,3,,Power 3 ,"$2,658",,," REMOVE 3 POWER VENTS, INSTALL RIDGE VENT. ",,,
,,,,,,,,,,,,,,,,,,
,,,,,,,,,,,,,,,,,,
,,,,,,,,,,,,,,,,,,
,,,,,,,,,,,,,,,,,,
,,,,,,,,,,,,,,,,,,
,,,,,,,,,,,,,,,,,,
,,,,,,,,,,,,,,,,,,
,,,,,,,,,,,,,,,,,,
,,,,,,,,,,,,,,,,,,
,,,,,,,,,,,,,,,,,,
,,,,,,,,,,,,,,,,,,
,,,,,,,,,,,,,,,,,,
,,,,,,,,,,,,,,,,,,
,,,,,,,,,,,,,,,,,,
,,,,,,,,,,,,,,,,,,
